,participant
0,M10901084
1,M10901116
2,M10901673
3,M10902675
4,M10902692
5,M10902762
6,M10902833
7,M10903956
8,M10904369
9,M10904500
10,M10904642
11,M10904765
12,M10905256
13,M10905290
14,M10905343
15,M10905520
16,M10905521
17,M10906059
18,M10906060
19,M10906170
20,M10906223
21,M10906932
22,M10907042
23,M10908449
24,M10908665
25,M10909540
26,M10910125
27,M10910591
28,M10911383
29,M10911406
30,M10911530
31,M10911717
32,M10911749
33,M10912497
34,M10913260
35,M10913961
36,M10915411
37,M10915724
38,M10916011
39,M10916041
40,M10916065
41,M10916135
42,M10916757
43,M10917389
44,M10917481
45,M10917604
46,M10917687
47,M10917715
48,M10918927
49,M10919132
50,M10919134
51,M10919197
52,M10919217
53,M10920794
54,M10921151
55,M10921864
56,M10922080
57,M10922361
58,M10922529
59,M10922751
60,M10922933
61,M10922949
62,M10923048
63,M10923245
64,M10923807
65,M10923990
66,M10924666
67,M10924676
68,M10925715
69,M10925833
70,M10926757
71,M10926881
72,M10927484
73,M10928087
74,M10928478
75,M10928541
76,M10928777
77,M10928875
78,M10929065
79,M10929164
80,M10929184
81,M10929258
82,M10929703
83,M10929927
84,M10930485
85,M10930539
86,M10930716
87,M10930807
88,M10931165
89,M10931643
90,M10932455
91,M10932681
92,M10932848
93,M10933360
94,M10934236
95,M10935418
96,M10935495
97,M10935538
98,M10935852
99,M10935952
100,M10936124
101,M10936266
102,M10936289
103,M10937776
104,M10938265
105,M10939077
106,M10939764
107,M10940218
108,M10940374
109,M10940584
110,M10941212
111,M10941918
112,M10942248
113,M10942336
114,M10942846
115,M10943111
116,M10943691
117,M10944305
118,M10944373
119,M10945391
120,M10945411
121,M10945575
122,M10946137
123,M10946847
124,M10947251
125,M10947681
126,M10948593
127,M10948864
128,M10948896
129,M10949248
130,M10949534
131,M10949794
132,M10950313
133,M10950715
134,M10951141
135,M10951957
136,M10952753
137,M10952882
138,M10953174
139,M10953377
140,M10953403
141,M10955657
142,M10956054
143,M10956532
144,M10956694
145,M10957287
146,M10957570
147,M10957602
148,M10957731
149,M10957884
150,M10958893
151,M10958986
152,M10959209
153,M10959572
154,M10960293
155,M10960573
156,M10960870
157,M10960879
158,M10960880
159,M10961312
160,M10961738
161,M10962595
162,M10963082
163,M10963227
164,M10963307
165,M10963561
166,M10963769
167,M10963837
168,M10964357
169,M10964385
170,M10965253
171,M10965661
172,M10966118
173,M10966987
174,M10967276
175,M10967628
176,M10967732
177,M10968123
178,M10968423
179,M10968573
180,M10968945
181,M10969036
182,M10969204
183,M10969240
184,M10969847
185,M10970260
186,M10970319
187,M10970400
188,M10970513
189,M10970514
190,M10970636
191,M10971391
192,M10971510
193,M10971678
194,M10971818
195,M10972093
196,M10972828
197,M10973007
198,M10973864
199,M10974750
200,M10975843
201,M10976165
202,M10976239
203,M10976322
204,M10976728
205,M10977426
206,M10977627
207,M10977714
208,M10978174
209,M10978243
210,M10978648
211,M10979065
212,M10979981
213,M10980159
214,M10980493
215,M10981315
216,M10982324
217,M10982494
218,M10982585
219,M10983156
220,M10983194
221,M10983277
222,M10983457
223,M10983486
224,M10983601
225,M10984020
226,M10984139
227,M10984244
228,M10984338
229,M10984509
230,M10984578
231,M10984754
232,M10985399
233,M10985428
234,M10985964
235,M10986106
236,M10986151
237,M10986278
238,M10986334
239,M10986502
240,M10987370
241,M10987396
242,M10987516
243,M10987889
244,M10988101
245,M10988214
246,M10988689
247,M10988888
248,M10989179
249,M10989280
250,M10989418
251,M10989866
252,M10989973
253,M10990328
254,M10990729
255,M10991042
256,M10991650
257,M10992053
258,M10992391
259,M10992873
260,M10994422
261,M10994937
262,M10995873
263,M10995905
264,M10995916
265,M10995988
266,M10996957
267,M10997281
268,M10997556
269,M10997698
270,M10998101
271,M10999973
