M10952753,1
M10952753,1
M10952753,1
M10964357,1
M10909540,1
M10929065,1
M10970400,1
M10952753,1
M10952753,13
M10952753,13
M10952753,13
M10952753,0
M10952753,0
M10964357,0
M10909540,0
M10929065,0
M10970400,0
M10952753,0
M10964357,0
M10909540,0
M10929065,0
M10970400,0
M10952753,0
M10964357,0
M10909540,0
M10929065,0
M10970400,0
M10952753,0
M10964357,0
M10909540,0
M10929065,0
M10970400,0
M10952753,0
M10964357,0
M10909540,0
M10929065,0
M10970400,0
M10952753,0
M10964357,0
M10909540,0
M10929065,0
M10970400,0
M10952753,0
M10964357,0
M10909540,0
M10929065,0
M10970400,0
M10952753,4
M10964357,4
M10909540,4
M10929065,4
M10970400,4
M10952753,4
M10952753,13
M10952753,13
